feature,importance
coverage,0.27143042892252234
totalMissing,0.23495087332227743
totalSubstitutions,0.1648064600758612
qc.overallScore,0.1591649599666088
totalDeletions,0.11348173484388255
totalAminoacidDeletions,0.056165542868847715
totalInsertions,0.0
totalFrameShifts,0.0
